{"first_real": 6105.0494617491495, "second_real": -2.1208214929816043, "third_real": -1.7889529953681715, "first_im": 6105.0494617491495, "second_im": -2.1208214929816043, "third_im": -1.7889529953681715, "true1": 411.75966049178606, "true2": 411.74263568836477, "true3": 413.81424656715944, "true4": 413.37167132348316, "true5": 415.3361406420136}