{"first_error": -168957392.74142992, "second_error": -866.4694759491651, "third_error": -848.1402916976336, "first_im": -486.5209082456418, "second_im": -481.5565840764799, "third_im": -478.0381351328836}