{"first": 0.0, "second": 0.0, "third": 0.0, "true1": 411.75966049178606, "true2": 411.74263568836477, "true3": 413.81424656715944, "true4": 413.37167132348316, "true5": 415.3361406420136}{"first": 82.20587567104873, "second": 100.37767666726529, "third": 103.70844704553987, "true1": 411.75966049178606, "true2": 411.74263568836477, "true3": 413.81424656715944, "true4": 413.37167132348316, "true5": 415.3361406420136}{"first": 82.20587567104873, "second": 100.37767666726529, "third": 103.70844704553987, "fourth": 98.72503857042233, "fifth": 102.59081241039611, "true1": 411.75966049178606, "true2": 411.74263568836477, "true3": 413.81424656715944, "true4": 413.37167132348316, "true5": 415.3361406420136}